date,open,high,low,close,volume,value,board
2016-10-28,1228.8,1230.0,1209.6,1218.7,5867,7149016.6,TQBR
2016-10-31,1221.7,1229.3,1219.0,1229.2,4273,5241013.2,TQBR
2016-11-01,1221.7,1221.7,1204.0,1216.4,4288,5190357.4,TQBR
2016-11-02,1203.1,1220.2,1203.1,1211.0,3222,3919478.9,TQBR
2016-11-03,1212.6,1218.7,1204.0,1218.7,6818,8292617.8,TQBR
2016-11-07,1212.6,1220.0,1203.5,1218.0,4613,5625007.6,TQBR
2016-11-08,1218.0,1224.1,1218.0,1224.1,4191,5112986.1,TQBR
2016-11-09,1209.0,1219.2,1209.0,1219.2,4460,5428507.5,TQBR
2016-11-10,1209.0,1221.7,1209.0,1221.7,4436,5400950.9,TQBR
2016-11-11,1212.0,1212.0,1208.0,1212.0,4007,4856472.0,TQBR
2016-11-14,1217.7,1217.7,1209.0,1212.0,4324,5240660.7,TQBR
2016-11-15,1208.0,1213.2,1208.0,1213.2,2971,3603717.0,TQBR
2016-11-16,1208.0,1213.2,1199.0,1202.0,6149,7443607.2,TQBR
2016-11-17,1201.0,1201.2,1200.5,1200.5,3397,4080462.5,TQBR
2016-11-18,1201.0,1202.3,1200.0,1200.0,4609,5540236.0,TQBR
2016-11-21,1200.0,1203.8,1199.0,1199.5,5879,7074063.9,TQBR
2016-11-22,1200.0,1202.2,1200.0,1202.2,4194,5041940.0,TQBR
2016-11-23,1207.0,1207.0,1200.0,1205.7,5111,6162328.3,TQBR
2016-11-24,1204.0,1204.0,1200.0,1200.0,5068,6095781.6,TQBR
2016-11-25,1201.0,1211.0,1200.0,1202.0,4205,5057746.0,TQBR
2016-11-28,1201.3,1204.7,1201.2,1201.5,4725,5691252.8,TQBR
2016-11-29,1205.0,1205.1,1202.0,1205.1,4073,4908349.6,TQBR
2016-11-30,1202.0,1205.8,1202.0,1205.8,3376,4069955.8,TQBR
2016-12-01,1206.0,1206.0,1206.0,1206.0,4308,5195448.0,TQBR
2016-12-02,1202.0,1206.5,1202.0,1206.5,4371,5259390.0,TQBR
2016-12-05,1208.0,1208.0,1202.0,1206.0,4079,4924072.0,TQBR
2016-12-06,1204.1,1208.9,1204.0,1204.0,4208,5066447.2,TQBR
2016-12-07,1203.1,1208.9,1203.0,1208.9,4188,5038341.0,TQBR
2016-12-08,1209.2,1209.3,1205.0,1205.0,5934,7165266.4,TQBR
2016-12-09,1202.1,1209.8,1202.0,1202.2,4205,5087123.7,TQBR
2016-12-12,1209.4,1211.2,1202.0,1205.6,4078,4938936.0,TQBR
2016-12-13,1211.6,1212.0,1210.5,1212.0,4240,5137605.8,TQBR
2016-12-14,1212.8,1212.8,1208.1,1208.1,3017,3659012.9,TQBR
2016-12-15,1208.1,1213.8,1208.0,1212.6,4503,5459529.5,TQBR
2016-12-16,1215.4,1239.6,1215.4,1223.4,5232,6474583.6,TQBR
2016-12-19,1225.0,1244.4,1224.9,1240.0,5627,6970616.9,TQBR
2016-12-20,1229.4,1232.2,1223.0,1232.2,2512,3091338.3,TQBR
2016-12-21,1230.0,1232.2,1228.0,1228.0,2730,3361759.3,TQBR
2016-12-22,1229.1,1231.0,1225.1,1225.1,2727,3355850.3,TQBR
2016-12-23,1225.0,1225.0,1214.8,1224.1,2944,3579987.3,TQBR
2016-12-26,1226.7,1226.7,1221.3,1221.3,2130,2602059.8,TQBR
2016-12-27,1222.4,1222.5,1215.2,1219.9,2138,2599085.8,TQBR
2016-12-28,1220.9,1220.9,1210.0,1210.0,5656,6855065.9,TQBR
2016-12-29,1207.5,1207.5,1207.5,1207.5,2651,3201082.5,TQBR
2016-12-30,1212.4,1212.6,1203.0,1207.0,2810,3400170.7,TQBR
2017-01-03,1205.2,1211.9,1205.1,1205.1,2081,2508278.0,TQBR
2017-01-04,1205.3,1208.0,1205.3,1208.0,2131,2570889.2,TQBR
2017-01-05,1207.0,1207.5,1205.0,1207.0,2154,2600288.0,TQBR
2017-01-06,1207.0,1207.5,1207.0,1207.3,2098,2532837.0,TQBR
2017-01-09,1207.0,1211.9,1207.0,1211.9,2159,2606422.6,TQBR
2017-01-10,1207.0,1207.1,1206.6,1207.0,2158,2604208.9,TQBR
2017-01-11,1206.0,1206.6,1205.1,1206.6,2114,2549011.0,TQBR
2017-01-12,1210.0,1210.0,1204.0,1204.0,2225,2680448.8,TQBR
2017-01-13,1205.0,1209.5,1204.6,1208.5,2157,2598823.4,TQBR
2017-01-16,1210.0,1223.0,1210.0,1214.5,2104,2562588.9,TQBR
2017-01-17,1215.7,1225.0,1215.7,1224.6,2210,2702324.6,TQBR
2017-01-18,1225.0,1225.5,1225.0,1225.0,2133,2613659.1,TQBR
2017-01-19,1227.0,1230.1,1225.0,1225.6,2662,3263150.8,TQBR
2017-01-20,1226.0,1226.0,1225.0,1225.0,2092,2563086.8,TQBR
2017-01-23,1227.1,1232.0,1227.1,1231.0,2106,2591059.5,TQBR
2017-01-24,1231.0,1231.0,1230.0,1231.0,2226,2739934.0,TQBR
2017-01-25,1231.0,1232.1,1231.0,1232.1,2094,2579686.5,TQBR
2017-01-26,1232.0,1232.2,1232.0,1232.1,2030,2501260.1,TQBR
2017-01-27,1225.1,1246.4,1225.0,1233.0,2054,2530345.7,TQBR
2017-01-30,1232.0,1235.5,1227.1,1235.5,2554,3152320.5,TQBR
2017-01-31,1237.5,1237.8,1237.5,1237.5,4095,5068790.3,TQBR
2017-02-01,1237.7,1237.7,1236.0,1236.0,2167,2679860.5,TQBR
2017-02-02,1235.2,1236.0,1235.0,1236.0,2052,2535399.4,TQBR
2017-02-03,1235.0,1237.0,1235.0,1237.0,2304,2849964.0,TQBR
2017-02-06,1235.1,1238.0,1235.0,1235.0,2199,2718965.2,TQBR
2017-02-07,1236.9,1237.1,1236.0,1236.0,2554,3158323.4,TQBR
2017-02-08,1235.1,1237.0,1235.1,1237.0,2217,2742423.3,TQBR
2017-02-09,1237.0,1239.1,1237.0,1238.0,2047,2533253.7,TQBR
2017-02-10,1235.0,1239.0,1235.0,1239.0,2146,2657570.0,TQBR
2017-02-13,1235.9,1238.4,1235.9,1238.4,2097,2595749.5,TQBR
2017-02-14,1244.6,1244.6,1235.0,1241.0,2202,2732379.8,TQBR
2017-02-15,1240.8,1242.0,1235.0,1242.0,2030,2519691.4,TQBR
2017-02-16,1242.3,1242.5,1235.0,1235.0,2102,2611495.8,TQBR
2017-02-17,1243.0,1243.0,1235.0,1243.0,2157,2680678.4,TQBR
2017-02-20,1244.1,1244.4,1234.7,1234.7,2317,2882850.8,TQBR
2017-02-21,1244.4,1244.4,1244.4,1244.4,2250,2799900.0,TQBR
2017-02-22,1245.1,1245.3,1244.3,1244.3,2388,2973064.8,TQBR
2017-02-24,1246.2,1246.2,1244.4,1244.4,2801,3487008.0,TQBR
2017-02-27,1245.0,1247.7,1245.0,1247.2,2424,3023278.4,TQBR
2017-02-28,1250.1,1255.1,1245.2,1248.1,4077,5088610.3,TQBR
2017-03-01,1248.6,1248.6,1245.4,1245.7,2096,2611233.2,TQBR
2017-03-02,1246.2,1255.3,1246.2,1255.0,2419,3019197.4,TQBR
2017-03-03,1248.3,1255.0,1244.5,1249.6,2987,3729533.8,TQBR
2017-03-06,1244.9,1254.3,1244.9,1247.1,2160,2697007.8,TQBR
2017-03-07,1248.6,1251.5,1244.4,1250.0,2060,2574105.2,TQBR
2017-03-09,1244.1,1252.4,1243.0,1250.0,2217,2772682.5,TQBR
2017-03-10,1250.8,1252.9,1250.0,1252.9,2057,2574775.9,TQBR
2017-03-13,1252.0,1257.0,1249.5,1249.5,2452,3073330.6,TQBR
2017-03-14,1249.9,1255.0,1249.9,1253.0,2802,3509504.9,TQBR
2017-03-15,1251.5,1257.0,1250.7,1255.2,6113,7651182.9,TQBR
2017-03-16,1255.2,1257.0,1249.5,1252.4,4593,5765450.0,TQBR
2017-03-17,1249.6,1256.2,1249.5,1250.0,2358,2950814.6,TQBR
2017-03-20,1250.0,1259.3,1249.0,1249.0,2027,2533734.5,TQBR
2017-03-21,1253.8,1253.9,1245.1,1246.5,3767,4712302.7,TQBR
2017-03-22,1245.0,1258.6,1239.0,1245.0,2742,3410661.5,TQBR
2017-03-23,1248.0,1259.0,1248.0,1248.0,2991,3738463.1,TQBR
2017-03-24,1246.0,1264.0,1245.1,1245.1,3988,5007844.4,TQBR
2017-03-27,1254.8,1254.8,1245.1,1246.0,2009,2503222.5,TQBR
2017-03-28,1245.1,1249.0,1245.0,1247.2,2012,2510784.5,TQBR
2017-03-29,1254.8,1254.8,1252.0,1252.8,2840,3556398.2,TQBR
2017-03-30,1251.1,1253.8,1251.1,1253.2,2077,2600581.7,TQBR
2017-03-31,1253.0,1253.9,1253.0,1253.9,2370,2970527.3,TQBR
2017-04-03,1253.0,1254.4,1245.0,1253.0,2482,3111822.3,TQBR
2017-04-04,1254.3,1255.3,1245.6,1255.3,2364,2966315.7,TQBR
2017-04-05,1255.4,1258.3,1255.0,1258.0,4569,5745280.0,TQBR
2017-04-06,1257.1,1257.7,1256.9,1256.9,2005,2520610.5,TQBR
2017-04-07,1257.4,1264.9,1256.7,1256.7,2223,2794226.9,TQBR
2017-04-10,1256.9,1258.0,1256.1,1256.1,2304,2896798.2,TQBR
2017-04-11,1256.1,1258.2,1255.6,1256.1,2018,2536216.1,TQBR
2017-04-12,1259.8,1259.9,1255.6,1259.9,2181,2747336.8,TQBR
2017-04-13,1256.8,1260.3,1256.3,1256.3,2275,2862699.2,TQBR
2017-04-14,1256.8,1265.6,1256.2,1256.2,2658,3342321.6,TQBR
2017-04-17,1255.6,1258.5,1255.6,1258.5,2206,2772558.7,TQBR
2017-04-18,1255.9,1258.2,1255.7,1257.0,2583,3244632.7,TQBR
2017-04-19,1257.1,1257.2,1255.6,1257.0,2346,2947595.5,TQBR
2017-04-20,1256.0,1265.5,1255.6,1257.5,2137,2685974.4,TQBR
2017-04-21,1256.7,1259.0,1255.6,1257.1,2080,2615845.5,TQBR
2017-04-24,1257.7,1262.5,1255.6,1257.4,2106,2646858.5,TQBR
2017-04-25,1256.5,1257.3,1255.9,1255.9,2230,2801738.6,TQBR
2017-04-26,1256.3,1258.0,1256.3,1257.1,2262,2843550.7,TQBR
2017-04-27,1265.5,1278.6,1256.9,1265.4,3168,3988886.4,TQBR
2017-04-28,1258.2,1260.1,1235.1,1244.6,3957,4923017.4,TQBR
2017-05-02,1245.0,1325.0,1245.0,1267.0,1298836,1678422281.0,TQBR
2017-05-03,1268.0,1278.0,1268.0,1277.0,2373,3024652.0,TQBR
2017-05-04,1273.0,1277.0,1272.0,1277.0,2876,3664718.0,TQBR
2017-05-05,1269.0,1269.0,1265.0,1267.0,2214,2803911.0,TQBR
2017-05-10,1268.0,1268.0,1265.0,1268.0,2309,2925736.0,TQBR
2017-05-11,1275.0,1276.0,1266.0,1276.0,2132,2706596.0,TQBR
2017-05-12,1267.0,1281.0,1267.0,1281.0,4990,6381123.0,TQBR
2017-05-15,1279.0,1287.0,1279.0,1279.0,1980,2534898.0,TQBR
2017-05-16,1279.0,1286.0,1278.0,1278.0,2188,2803555.0,TQBR
2017-05-17,1282.0,1284.0,1282.0,1282.0,2119,2718148.0,TQBR
2017-05-18,1280.0,1285.0,1271.0,1273.0,2016,2574300.0,TQBR
2017-05-19,1276.0,1279.0,1272.0,1273.0,2826,3601643.0,TQBR
2017-05-22,1271.0,1280.0,1271.0,1273.0,2190,2786800.0,TQBR
2017-05-23,1275.0,1286.0,1273.0,1286.0,2566,3285597.0,TQBR
2017-05-24,1283.0,1289.0,1283.0,1283.0,1951,2504538.0,TQBR
2017-05-25,1286.0,1292.0,1282.0,1282.0,2225,2855114.0,TQBR
2017-05-26,1282.0,1282.0,1280.0,1281.0,2031,2600931.0,TQBR
2017-05-29,1280.0,1289.0,1278.0,1278.0,2315,2966788.0,TQBR
2017-05-30,1287.0,1291.0,1287.0,1290.0,2144,2763514.0,TQBR
2017-05-31,1287.0,1287.0,1283.0,1283.0,2424,3115057.0,TQBR
2017-06-01,1284.0,1292.0,1284.0,1289.0,2332,3002000.0,TQBR
2017-06-02,1275.0,1275.0,1269.0,1270.0,2436,3095003.0,TQBR
2017-06-05,1272.0,1274.0,1268.0,1268.0,2267,2879394.0,TQBR
2017-06-06,1272.0,1285.0,1272.0,1285.0,2969,3808004.0,TQBR
2017-06-07,1283.0,1290.0,1282.0,1290.0,4959,6383226.0,TQBR
2017-06-08,1291.0,1294.0,1290.0,1290.0,2244,2898721.0,TQBR
2017-06-09,1291.0,1295.0,1290.0,1292.0,2350,3036777.0,TQBR
2017-06-13,1291.0,1293.0,1284.0,1286.0,3133,4042845.0,TQBR
2017-06-14,1284.0,1285.0,1283.0,1283.0,2344,3010174.0,TQBR
2017-06-15,1280.0,1290.0,1277.0,1285.0,2261,2906649.0,TQBR
2017-06-16,1291.0,1292.0,1289.0,1292.0,2126,2745634.0,TQBR
2017-06-19,1287.0,1292.0,1284.0,1292.0,2550,3276722.0,TQBR
2017-06-20,1284.0,1286.0,1283.0,1284.0,2062,2649161.0,TQBR
2017-06-21,1288.0,1305.0,1285.0,1305.0,3290,4262582.0,TQBR
2017-06-22,1295.0,1300.0,1294.0,1300.0,2911,3780351.0,TQBR
2017-06-23,1295.0,1302.0,1293.0,1300.0,2176,2823149.0,TQBR
2017-06-26,1298.0,1298.0,1295.0,1295.0,2123,2751293.0,TQBR
2017-06-27,1300.0,1302.0,1300.0,1300.0,1933,2514961.0,TQBR
2017-06-28,1303.0,1307.0,1300.0,1307.0,3755,4895264.0,TQBR
2017-06-29,1300.0,1303.0,1299.0,1299.0,2022,2630351.0,TQBR
2017-06-30,1303.0,1307.0,1299.0,1300.0,1658,2158001.0,TQBR
2017-07-03,1300.0,1308.0,1291.0,1295.0,2382,3089073.0,TQBR
2017-07-04,1295.0,1296.0,1294.0,1295.0,2254,2919191.0,TQBR
2017-07-05,1302.0,1302.0,1294.0,1294.0,2117,2748625.0,TQBR
2017-07-06,1294.0,1302.0,1293.0,1294.0,2217,2870217.0,TQBR
2017-07-07,1296.0,1296.0,1293.0,1294.0,2230,2886990.0,TQBR
2017-07-10,1294.0,1305.0,1294.0,1297.0,2025,2626632.0,TQBR
2017-07-11,1298.0,1305.0,1297.0,1305.0,1963,2546819.0,TQBR
2017-07-12,1298.0,1298.0,1297.0,1298.0,1631,2116330.0,TQBR
2017-07-13,1296.0,1300.0,1296.0,1300.0,2025,2627486.0,TQBR
2017-07-14,1299.0,1303.0,1297.0,1297.0,1986,2577078.0,TQBR
2017-07-17,1299.0,1300.0,1297.0,1299.0,2300,2985890.0,TQBR
2017-07-18,1297.0,1306.0,1297.0,1298.0,2161,2806503.0,TQBR
2017-07-19,1299.0,1300.0,1297.0,1298.0,2201,2858097.0,TQBR
2017-07-20,1301.0,1301.0,1298.0,1298.0,1957,2542552.0,TQBR
2017-07-21,1298.0,1302.0,1297.0,1302.0,2041,2651768.0,TQBR
2017-07-24,1302.0,1304.0,1298.0,1300.0,2787,3625686.0,TQBR
2017-07-25,1300.0,1304.0,1297.0,1302.0,2079,2702838.0,TQBR
2017-07-26,1304.0,1309.0,1302.0,1309.0,2254,2944456.0,TQBR
2017-07-27,1307.0,1314.0,1307.0,1314.0,1990,2604439.0,TQBR
2017-07-28,1307.0,1312.0,1306.0,1306.0,2366,3091504.0,TQBR
2017-07-31,1311.0,1312.0,1307.0,1307.0,2750,3598425.0,TQBR
2017-08-01,1308.0,1312.0,1307.0,1307.0,2990,3910528.0,TQBR
2017-08-02,1306.0,1309.0,1304.0,1309.0,3356,4386050.0,TQBR
2017-08-03,1311.0,1315.0,1306.0,1307.0,4761,6249189.0,TQBR
2017-08-04,1308.0,1308.0,1304.0,1306.0,2862,3737939.0,TQBR
2017-08-07,1306.0,1308.0,1304.0,1304.0,2389,3118623.0,TQBR
2017-08-08,1305.0,1308.0,1304.0,1306.0,1999,2610324.0,TQBR
2017-08-09,1306.0,1311.0,1306.0,1306.0,2029,2652309.0,TQBR
2017-08-10,1306.0,1314.0,1306.0,1314.0,2049,2680805.0,TQBR
2017-08-11,1309.0,1311.0,1299.0,1305.0,2977,3879432.0,TQBR
2017-08-14,1303.0,1306.0,1301.0,1304.0,2235,2915708.0,TQBR
2017-08-15,1304.0,1312.0,1304.0,1309.0,2136,2792303.0,TQBR
2017-08-16,1306.0,1310.0,1305.0,1305.0,2315,3028496.0,TQBR
2017-08-17,1306.0,1314.0,1306.0,1314.0,2611,3417412.0,TQBR
2017-08-18,1311.0,1314.0,1309.0,1313.0,2299,3016534.0,TQBR
2017-08-21,1313.0,1317.0,1313.0,1317.0,2252,2961866.0,TQBR
2017-08-22,1317.0,1318.0,1310.0,1310.0,1950,2562261.0,TQBR
2017-08-23,1310.0,1312.0,1307.0,1310.0,2178,2854647.0,TQBR
2017-08-24,1310.0,1317.0,1310.0,1317.0,2146,2820292.0,TQBR
2017-08-25,1317.0,1318.0,1314.0,1316.0,2001,2633842.0,TQBR
2017-08-28,1314.0,1317.0,1314.0,1316.0,1986,2612733.0,TQBR
2017-08-29,1314.0,1319.0,1314.0,1319.0,1934,2545796.0,TQBR
2017-08-30,1316.0,1320.0,1316.0,1318.0,1997,2631853.0,TQBR
2017-08-31,1318.0,1323.0,1317.0,1321.0,2110,2788189.0,TQBR
2017-09-01,1320.0,1334.0,1317.0,1334.0,2527,3355696.0,TQBR
2017-09-04,1331.0,1336.0,1328.0,1333.0,6851,9121942.0,TQBR
2017-09-05,1328.0,1336.0,1324.0,1324.0,2806,3737854.0,TQBR
2017-09-06,1324.0,1324.0,1316.0,1322.0,2283,3009521.0,TQBR
2017-09-07,1320.0,1328.0,1320.0,1328.0,2024,2679688.0,TQBR
2017-09-08,1327.0,1332.0,1326.0,1330.0,2075,2759899.0,TQBR
2017-09-11,1332.0,1335.0,1330.0,1335.0,2200,2927890.0,TQBR
2017-09-12,1330.0,1335.0,1329.0,1329.0,1911,2544634.0,TQBR
2017-09-13,1329.0,1341.0,1328.0,1335.0,1995,2655233.0,TQBR
2017-09-14,1332.0,1336.0,1331.0,1336.0,1504,2003384.0,TQBR
2017-09-15,1332.0,1333.0,1328.0,1328.0,2239,2977967.0,TQBR
2017-09-18,1329.0,1331.0,1326.0,1326.0,2371,3148148.0,TQBR
2017-09-19,1327.0,1328.0,1318.0,1323.0,6339,8407054.0,TQBR
2017-09-20,1324.0,1335.0,1324.0,1334.0,2575,3426565.0,TQBR
2017-09-21,1331.0,1336.0,1331.0,1333.0,1918,2556306.0,TQBR
2017-09-22,1331.0,1334.0,1328.0,1334.0,2101,2796949.0,TQBR
2017-09-25,1332.0,1337.0,1331.0,1334.0,2150,2867985.0,TQBR
2017-09-26,1332.0,1339.0,1316.0,1339.0,3123,4162817.0,TQBR
2017-09-27,1339.0,1339.0,1334.0,1339.0,2087,2789094.0,TQBR
2017-09-28,1339.0,1342.0,1335.0,1342.0,2152,2878191.0,TQBR
2017-09-29,1342.0,1342.0,1338.0,1339.0,2013,2695132.0,TQBR
2017-10-02,1340.0,1341.0,1336.0,1336.0,2208,2955229.0,TQBR
2017-10-03,1337.0,1339.0,1330.0,1330.0,2155,2880221.0,TQBR
2017-10-04,1327.0,1334.0,1326.0,1331.0,2071,2752943.0,TQBR
2017-10-05,1330.0,1334.0,1325.0,1326.0,1953,2596692.0,TQBR
2017-10-06,1328.0,1328.0,1324.0,1328.0,1951,2588052.0,TQBR
2017-10-09,1325.0,1332.0,1325.0,1326.0,2464,3277181.0,TQBR
2017-10-10,1329.0,1346.0,1322.0,1325.0,2134,2827165.0,TQBR
2017-10-11,1321.0,1325.0,1319.0,1319.0,3572,4714706.0,TQBR
2017-10-12,1316.0,1319.0,1311.0,1311.0,2389,3143031.0,TQBR
2017-10-13,1314.0,1314.0,1309.0,1309.0,2248,2949669.0,TQBR
2017-10-16,1308.0,1310.0,1148.0,1289.0,6105,7936299.0,TQBR
2017-10-17,1295.0,1296.0,1276.0,1278.0,8479,10899231.0,TQBR
2017-10-18,1204.0,1280.0,1204.0,1267.0,3153,4017168.0,TQBR
2017-10-19,1269.0,1269.0,1265.0,1268.0,2504,3174590.0,TQBR
2017-10-20,1267.0,1267.0,1263.0,1263.0,2109,2669606.0,TQBR
2017-10-23,1266.0,1271.0,1262.0,1262.0,2580,3265432.0,TQBR
2017-10-24,1259.0,1260.0,1243.0,1244.0,2596,3252349.0,TQBR
2017-10-25,1242.0,1242.0,1202.0,1202.0,3121,3840747.0,TQBR
2017-10-26,1205.0,1281.0,1205.0,1279.0,140,169452.0,TQBR
2017-10-27,1279.0,1279.0,1220.0,1220.0,2465,3106680.0,TQBR
2017-10-30,1218.0,1220.0,1195.0,1195.0,2527,3051459.0,TQBR
2017-10-31,1194.0,1194.0,1171.0,1176.0,2644,3137005.0,TQBR
2017-11-01,1173.0,1173.0,1052.0,1070.0,2962,3428437.0,TQBR
2017-11-02,1159.0,1162.0,1080.0,1091.0,1944,2219865.0,TQBR
2017-11-03,1140.0,1140.0,1049.0,1049.0,1836,1971410.0,TQBR
2017-11-07,1049.0,1050.0,1004.0,1004.0,4009,4111620.0,TQBR
2017-11-08,1004.0,1004.0,806.0,950.0,2364,2287220.0,TQBR
2017-11-09,952.0,952.0,812.0,888.0,2236,2059755.0,TQBR
2017-11-10,886.0,918.0,877.0,918.0,1091,962734.0,TQBR
2017-11-13,918.0,918.0,826.0,874.0,2046,1755235.0,TQBR
2017-11-14,870.0,871.0,834.0,834.0,660,572940.0,TQBR
2017-11-15,900.0,1129.0,845.0,851.0,6725,6583873.0,TQBR
2017-11-16,847.0,875.0,847.0,865.0,2713,2342146.0,TQBR
2017-11-17,822.0,849.0,787.0,794.0,7666,6286037.0,TQBR
2017-11-20,790.0,814.0,778.0,800.0,5576,4452360.0,TQBR
2017-11-21,796.0,796.0,751.0,772.0,5989,4661487.0,TQBR
2017-11-22,769.0,778.0,750.0,771.0,2592,1989522.0,TQBR
2017-11-23,761.0,794.0,726.0,756.0,6863,5321321.0,TQBR
2017-11-24,746.0,758.0,730.0,758.0,269,196664.0,TQBR
2017-11-27,748.0,775.0,709.0,745.0,132,98153.0,TQBR
2017-11-28,745.0,745.0,713.0,722.0,297,216391.0,TQBR
2017-11-29,733.0,750.0,710.0,715.0,80,57269.0,TQBR
2017-11-30,706.0,716.0,586.0,671.0,112,76688.0,TQBR
2017-12-01,510.0,772.0,510.0,682.0,74,52715.0,TQBR
2017-12-04,720.0,747.0,635.0,667.0,57,40663.0,TQBR
2017-12-05,648.0,751.0,648.0,700.0,13,9117.0,TQBR
2017-12-06,681.0,748.0,666.0,700.0,14,9831.0,TQBR
2017-12-07,770.0,770.0,705.0,750.0,286,213794.0,TQBR
2017-12-08,757.0,792.0,703.0,703.0,88,64731.0,TQBR
2017-12-11,770.0,770.0,678.0,707.0,36,25441.0,TQBR
2017-12-12,698.0,698.0,650.0,687.0,86,57637.0,TQBR
2017-12-13,697.0,724.0,690.0,690.0,8,5662.0,TQBR
2017-12-14,698.0,698.0,603.0,659.0,118,77224.0,TQBR
2017-12-15,655.0,699.0,655.0,688.0,106,73664.0,TQBR
2017-12-18,689.0,689.0,687.0,687.0,5,3440.0,TQBR
2017-12-19,687.0,687.0,647.0,650.0,425,276443.0,TQBR
2017-12-20,650.0,650.0,650.0,650.0,61,39650.0,TQBR
2017-12-21,648.0,648.0,630.0,643.0,120,77039.0,TQBR
2017-12-22,644.0,646.0,621.0,625.0,58,36676.0,TQBR
2017-12-25,622.0,628.0,590.0,597.0,164,98944.0,TQBR
2017-12-26,599.0,599.0,593.0,593.0,15,8945.0,TQBR
2017-12-27,568.0,568.0,528.0,547.0,949,520528.0,TQBR
2017-12-28,543.0,550.0,543.0,550.0,52,28439.0,TQBR
2017-12-29,544.0,551.0,544.0,551.0,337,185173.0,TQBR
2018-01-03,552.0,552.0,552.0,552.0,1,552.0,TQBR
2018-01-04,550.0,554.0,550.0,554.0,5,2761.0,TQBR
2018-01-05,556.0,559.0,552.0,552.0,41,22783.0,TQBR
2018-01-09,552.0,554.0,549.0,554.0,118,64935.0,TQBR
2018-01-10,550.0,550.0,499.0,530.0,138,72802.0,TQBR
2018-01-11,526.0,526.0,502.0,519.0,142,73734.0,TQBR
2018-01-12,523.0,523.0,519.0,523.0,23,11945.0,TQBR
2018-01-15,525.0,525.0,517.0,517.0,30,15537.0,TQBR
2018-01-16,518.0,518.0,492.0,500.0,233,116075.0,TQBR
2018-01-17,503.0,503.0,489.0,489.0,35,17331.0,TQBR
2018-01-18,490.0,490.0,486.0,487.0,51,24964.0,TQBR
2018-01-22,489.0,494.0,477.0,494.0,23,11105.0,TQBR
2018-01-23,495.0,495.0,455.0,469.0,109,51164.0,TQBR
2018-01-24,474.0,492.0,450.0,472.0,116,53620.0,TQBR
2018-01-25,468.0,469.0,456.0,463.0,53,24637.0,TQBR
2018-01-26,454.0,454.0,418.0,440.0,623,270272.0,TQBR
2018-01-29,439.0,450.0,413.0,414.0,112,48692.0,TQBR
2018-01-30,420.0,450.0,420.0,449.0,386,172461.0,TQBR
2018-01-31,471.0,479.0,430.0,450.0,423,189715.0,TQBR
2018-02-01,450.0,459.0,439.0,450.0,100,44957.0,TQBR
2018-02-02,448.0,450.0,439.0,440.0,23,10229.0,TQBR
2018-02-05,473.0,473.0,413.0,437.0,41,17723.0,TQBR
2018-02-06,436.0,436.0,401.0,415.0,61,24933.0,TQBR
2018-02-07,419.0,420.0,400.0,404.0,48,19585.0,TQBR
2018-02-08,411.0,420.0,400.0,406.0,72,29294.0,TQBR
2018-02-09,433.0,433.0,401.0,401.0,22,9140.0,TQBR
2018-02-12,401.0,401.0,398.0,400.0,115,45995.0,TQBR
2018-02-13,406.0,440.0,400.0,410.0,11,4493.0,TQBR
2018-02-14,411.0,420.0,388.0,405.0,55,22157.0,TQBR
2018-02-15,400.0,400.0,387.0,392.0,72,28250.0,TQBR
2018-02-16,393.0,396.0,393.0,393.0,8,3150.0,TQBR
2018-02-19,387.0,387.0,387.0,387.0,8,3096.0,TQBR
2018-02-21,394.0,400.0,390.0,399.0,50,19944.0,TQBR
2018-02-22,390.0,394.0,390.0,394.0,2,784.0,TQBR
2018-02-26,394.0,400.0,394.0,395.0,81,32369.0,TQBR
2018-02-27,400.0,400.0,397.0,397.0,13,5197.0,TQBR
2018-02-28,399.0,399.0,399.0,399.0,4,1596.0,TQBR
2018-03-01,397.0,397.0,393.0,393.0,6,2372.0,TQBR
2018-03-02,390.0,396.0,390.0,395.0,5,1972.0,TQBR
2018-03-05,389.0,400.0,380.0,390.0,97,38514.0,TQBR
2018-03-06,381.0,394.0,381.0,393.0,8,3113.0,TQBR
2018-03-07,400.0,400.0,388.0,388.0,54,21554.0,TQBR
2018-03-09,393.0,395.0,390.0,390.0,3,1178.0,TQBR
2018-03-12,395.0,396.0,334.0,380.0,57,20384.0,TQBR
2018-03-13,387.0,387.0,373.0,380.0,11,4153.0,TQBR
2018-03-14,384.0,384.0,378.0,380.0,4,1523.0,TQBR
2018-03-15,384.0,384.0,383.0,383.0,2,767.0,TQBR
2018-03-16,376.0,386.0,374.0,379.0,22,8326.0,TQBR
2018-03-19,379.0,414.0,369.0,399.0,66,25846.0,TQBR
2018-03-20,400.0,411.0,363.0,396.0,205,81689.0,TQBR
2018-03-21,390.0,400.0,386.0,386.0,164,65388.0,TQBR
2018-03-22,384.0,398.0,378.0,396.0,21,8143.0,TQBR
2018-03-23,398.0,415.0,393.0,397.0,218,86841.0,TQBR
2018-03-27,400.0,402.0,360.0,390.0,12,4612.0,TQBR
2018-03-28,361.0,397.0,360.0,389.0,20,7398.0,TQBR
2018-03-29,390.0,390.0,389.0,390.0,10,3892.0,TQBR
2018-03-30,381.0,381.0,381.0,381.0,1,381.0,TQBR
2018-04-02,399.0,400.0,395.0,395.0,9,3574.0,TQBR
2018-04-03,400.0,400.0,396.0,396.0,6,2396.0,TQBR
2018-04-04,369.0,392.0,368.0,380.0,20,7521.0,TQBR
2018-04-05,389.0,392.0,378.0,378.0,13,4970.0,TQBR
2018-04-06,362.0,376.0,362.0,370.0,20,7413.0,TQBR
2018-04-09,363.0,369.0,341.0,350.0,135,46546.0,TQBR
2018-04-10,371.0,371.0,359.0,360.0,14,5039.0,TQBR
2018-04-11,372.0,380.0,370.0,380.0,7,2614.0,TQBR
2018-04-12,380.0,380.0,341.0,360.0,126,44469.0,TQBR
2018-04-13,342.0,342.0,305.0,327.0,242,80453.0,TQBR
2018-04-16,312.0,345.0,311.0,336.0,18,5930.0,TQBR
2018-04-17,335.0,339.0,330.0,332.0,14,4669.0,TQBR
2018-04-18,330.0,342.0,311.0,313.0,45,14376.0,TQBR
2018-04-19,318.0,342.0,318.0,325.0,18,5805.0,TQBR
2018-04-20,321.0,351.0,321.0,342.0,36,12079.0,TQBR
2018-04-23,340.0,351.0,325.0,350.0,24,8003.0,TQBR
2018-04-24,351.0,351.0,351.0,351.0,1,351.0,TQBR
2018-04-26,350.0,352.0,350.0,351.0,4,1403.0,TQBR
2018-04-27,351.0,371.0,332.0,362.0,105,36701.0,TQBR
2018-04-28,371.0,371.0,371.0,371.0,1,371.0,TQBR
2018-04-30,348.0,376.0,348.0,376.0,2,724.0,TQBR
2018-05-03,363.0,374.0,343.0,343.0,100,34588.0,TQBR
2018-05-04,343.0,352.0,343.0,352.0,4,1381.0,TQBR
2018-05-07,321.0,321.0,315.0,321.0,103,32960.0,TQBR
2018-05-08,321.0,321.0,308.0,310.0,33,10347.0,TQBR
2018-05-10,325.0,325.0,320.0,320.0,7,2245.0,TQBR
2018-05-11,311.0,311.0,300.0,308.0,740,224111.0,TQBR
2018-05-14,294.0,317.0,291.0,317.0,2736,811767.0,TQBR
2018-05-15,327.0,327.0,303.0,306.0,100,30977.0,TQBR
2018-05-16,304.0,304.0,290.0,300.0,559,165368.0,TQBR
2018-05-17,299.0,314.0,273.0,314.0,2570,736156.0,TQBR
2018-05-18,310.0,310.0,282.0,294.0,550,160594.0,TQBR
2018-05-21,288.0,411.0,288.0,411.0,10619,4264536.0,TQBR
2018-05-22,452.0,575.0,342.0,355.0,26829,12478427.0,TQBR
2018-05-23,358.0,373.0,318.0,335.0,11205,3832469.0,TQBR
2018-05-24,339.0,359.0,303.0,313.0,5340,1707304.0,TQBR
2018-05-25,318.0,336.0,282.0,284.0,11903,3575903.0,TQBR
2018-05-28,285.0,290.0,234.0,261.0,6546,1693181.0,TQBR
2018-05-29,261.0,266.0,242.0,248.0,2196,558936.0,TQBR
2018-05-30,249.0,264.0,223.0,258.0,4113,985558.0,TQBR
2018-05-31,265.0,265.0,240.0,244.0,1163,286192.0,TQBR
2018-06-01,240.0,246.0,231.0,241.0,729,174337.0,TQBR
2018-06-04,242.0,254.0,238.0,245.0,892,217257.0,TQBR
2018-06-05,237.0,256.0,235.0,243.0,985,240694.0,TQBR
2018-06-06,254.0,254.0,225.0,233.0,2821,662803.0,TQBR
2018-06-07,234.0,236.0,229.0,234.0,310,72218.0,TQBR
2018-06-08,230.0,237.0,228.0,232.0,597,137586.0,TQBR
2018-06-09,238.0,238.0,219.0,221.0,1248,276571.0,TQBR
2018-06-11,222.0,224.0,219.0,224.0,363,80014.0,TQBR
2018-06-13,224.0,250.0,223.0,234.0,558,129753.0,TQBR
2018-06-14,230.0,236.0,227.0,235.0,426,98435.0,TQBR
2018-06-15,235.0,237.0,223.0,228.0,278,63059.0,TQBR
2018-06-18,235.0,235.0,223.0,227.0,142,32154.0,TQBR
2018-06-19,225.0,226.0,209.0,215.0,937,202933.0,TQBR
2018-06-20,223.0,223.0,207.0,214.0,523,111496.0,TQBR
2018-06-21,212.0,213.0,204.0,207.0,1065,220322.0,TQBR
2018-06-22,205.0,205.0,196.0,200.0,960,192593.0,TQBR
2018-06-25,201.0,201.0,190.0,194.0,456,88042.0,TQBR
2018-06-26,196.0,199.0,190.0,195.0,777,149866.0,TQBR
2018-06-27,195.0,198.0,187.0,198.0,596,116124.0,TQBR
2018-06-28,197.0,277.0,195.0,277.0,21951,5949520.0,TQBR
2018-06-29,291.0,293.0,199.0,205.0,15844,3589875.0,TQBR
2018-07-02,201.0,211.0,195.0,203.0,2803,560752.0,TQBR
2018-07-03,204.0,211.0,193.0,203.0,1125,224182.0,TQBR
2018-07-04,203.0,203.0,180.0,194.0,5904,1113500.0,TQBR
2018-07-05,191.0,198.0,188.0,194.0,1078,205117.0,TQBR
2018-07-06,198.0,198.0,184.0,194.0,647,123762.0,TQBR
2018-07-09,194.0,196.0,191.0,192.0,380,73225.0,TQBR
2018-07-10,193.0,197.0,192.0,195.0,623,121119.0,TQBR
2018-07-11,198.0,227.0,193.0,214.0,4495,955534.0,TQBR
2018-07-12,218.0,229.0,204.0,212.0,1885,400935.0,TQBR
2018-07-13,217.0,267.0,211.0,243.0,9900,2408230.0,TQBR
2018-07-16,247.0,254.0,221.0,242.0,2524,597064.0,TQBR
2018-07-17,240.0,240.0,223.0,235.0,1121,260343.0,TQBR
2018-07-18,239.0,239.0,214.0,224.0,2074,460674.0,TQBR
2018-07-19,225.0,230.0,211.0,226.0,1986,438471.0,TQBR
2018-07-20,224.0,224.0,205.0,217.0,1046,219191.0,TQBR
2018-07-23,214.0,225.0,200.0,215.0,419,88282.0,TQBR
2018-07-24,212.0,217.0,196.0,203.0,2072,417777.0,TQBR
2018-07-25,200.0,203.0,190.0,199.0,2109,412887.0,TQBR
2018-07-26,200.0,215.0,198.0,200.0,1964,400967.0,TQBR
2018-07-27,204.0,224.0,204.0,209.0,5065,1083114.0,TQBR
2018-07-30,208.0,247.0,205.0,225.0,6992,1596631.0,TQBR
2018-07-31,220.0,236.0,208.0,222.0,1860,404532.0,TQBR
2018-08-01,218.0,224.0,210.0,219.0,1434,309006.0,TQBR
2018-08-02,210.0,220.0,135.0,208.0,2298,469102.0,TQBR
2018-08-03,205.0,208.0,200.0,208.0,770,156711.0,TQBR
2018-08-06,213.0,213.0,200.0,208.0,436,90122.0,TQBR
2018-08-07,205.0,217.0,204.0,210.0,448,94544.0,TQBR
2018-08-08,205.0,206.0,199.0,204.0,767,154920.0,TQBR
2018-08-09,200.0,202.0,188.0,201.0,587,115816.0,TQBR
2018-08-10,200.0,200.0,189.0,200.0,533,105018.0,TQBR
2018-08-13,200.0,200.0,192.0,200.0,64,12756.0,TQBR
2018-08-14,202.0,241.0,135.0,202.0,2094,413891.0,TQBR
2018-08-15,205.0,210.0,190.0,209.0,968,196149.0,TQBR
2018-08-16,201.0,203.0,186.0,202.0,334,65869.0,TQBR
2018-08-17,205.0,218.0,197.0,209.0,511,104839.0,TQBR
2018-08-20,205.0,205.0,196.0,204.0,140,28256.0,TQBR
2018-08-21,202.0,204.0,196.0,204.0,439,87902.0,TQBR
2018-08-22,205.0,209.0,197.0,207.0,432,88145.0,TQBR
2018-08-23,205.0,208.0,195.0,199.0,298,59491.0,TQBR
2018-08-24,198.0,199.0,177.0,191.0,1035,195203.0,TQBR
2018-08-27,187.0,190.0,179.0,187.0,537,99479.0,TQBR
2018-08-28,183.0,188.0,178.0,187.0,561,103122.0,TQBR
2018-08-29,185.0,210.0,184.0,194.0,1859,364178.0,TQBR
2018-08-30,193.0,209.0,189.0,197.0,1558,308592.0,TQBR
2018-08-31,196.0,196.0,184.0,194.0,764,145503.0,TQBR
2018-09-03,191.0,200.0,190.0,200.0,546,106273.0,TQBR
2018-09-04,197.0,200.0,190.0,191.0,457,88633.0,TQBR
2018-09-05,192.0,193.0,185.0,190.0,904,170325.0,TQBR
2018-09-06,188.0,190.0,186.0,187.0,304,57094.0,TQBR
2018-09-07,187.0,189.0,183.0,189.0,530,98765.0,TQBR
2018-09-10,189.0,190.0,183.0,188.0,297,55809.0,TQBR
2018-09-11,189.0,247.0,189.0,202.0,15050,3287721.0,TQBR
2018-09-12,200.0,220.0,196.0,197.0,3648,755585.0,TQBR
2018-09-13,204.0,213.0,198.0,202.0,1661,339701.0,TQBR
2018-09-14,202.0,205.0,193.0,201.0,1060,210304.0,TQBR
2018-09-17,199.0,205.0,197.0,204.0,530,106018.0,TQBR
2018-09-18,201.0,204.0,190.0,198.0,2197,431304.0,TQBR
2018-09-19,199.0,248.0,191.0,198.0,8769,1767660.0,TQBR
2018-09-20,195.0,197.0,192.0,195.0,1664,324069.0,TQBR
2018-09-21,194.0,209.0,191.0,200.0,2291,456468.0,TQBR
2018-09-24,199.0,204.0,195.0,199.0,2234,447642.0,TQBR
2018-09-25,198.0,200.0,194.0,196.0,1379,272024.0,TQBR
2018-09-26,197.0,199.0,193.0,196.0,447,87262.0,TQBR
2018-09-27,195.0,204.0,191.0,200.0,3623,716762.0,TQBR
2018-09-28,197.0,223.0,186.0,201.0,4913,1002256.0,TQBR
2018-10-01,202.0,205.0,189.0,203.0,1938,383103.0,TQBR
2018-10-02,209.0,221.0,199.0,203.0,3743,776499.0,TQBR
2018-10-03,200.0,210.0,195.0,201.0,3190,636439.0,TQBR
2018-10-04,201.0,201.0,194.0,197.0,1387,273031.0,TQBR
2018-10-05,196.0,201.0,194.0,199.0,1245,246096.0,TQBR
2018-10-08,198.0,200.0,194.0,200.0,969,191694.0,TQBR
2018-10-09,198.0,203.0,196.0,198.0,348,69236.0,TQBR
2018-10-10,201.0,202.0,197.0,197.0,280,55442.0,TQBR
2018-10-11,197.0,199.0,190.0,197.0,884,171006.0,TQBR
2018-10-12,196.0,202.0,195.0,198.0,123,24382.0,TQBR
2018-10-15,196.0,199.0,194.0,197.0,288,56478.0,TQBR
2018-10-16,196.0,203.0,195.0,197.0,215,42471.0,TQBR
2018-10-17,197.0,206.0,196.0,200.0,515,103115.0,TQBR
2018-10-18,201.0,202.0,194.0,200.0,1165,231612.0,TQBR
2018-10-19,199.0,199.0,190.0,196.0,1571,305546.0,TQBR
2018-10-22,195.0,198.0,193.0,194.0,621,120906.0,TQBR
2018-10-23,195.0,205.0,194.0,197.0,1103,217755.0,TQBR
2018-10-24,198.0,198.0,194.0,195.0,416,81009.0,TQBR
2018-10-25,197.0,198.0,191.0,195.0,704,137005.0,TQBR
2018-10-26,194.0,196.0,194.0,195.0,470,91704.0,TQBR
2018-10-29,196.0,196.0,194.0,195.0,314,60951.0,TQBR
2018-10-30,194.0,196.0,194.0,194.0,57,11091.0,TQBR
2018-10-31,195.0,203.0,194.0,196.0,1375,272141.0,TQBR
2018-11-01,195.4,206.0,195.4,198.8,627,125487.6,TQBR
2018-11-02,203.6,205.0,196.0,200.0,237,47537.8,TQBR
2018-11-06,203.6,203.6,193.4,197.0,2197,431214.2,TQBR
2018-11-07,194.4,275.6,192.0,275.6,26861,6579902.8,TQBR
2018-11-08,303.2,385.6,255.0,255.2,102239,34796648.4,TQBR
2018-11-09,250.2,309.6,228.6,235.0,71625,19534613.0,TQBR
2018-11-12,247.8,269.8,235.4,245.0,35047,8771812.8,TQBR
2018-11-13,249.0,254.6,240.2,252.0,19229,4752577.4,TQBR
2018-11-14,243.2,249.8,230.0,236.0,17964,4260438.2,TQBR
2018-11-15,237.0,255.0,225.6,242.0,17598,4168663.4,TQBR
2018-11-16,248.4,248.4,230.0,231.2,6638,1552516.8,TQBR
2018-11-19,233.6,241.2,231.0,234.0,8589,2020596.2,TQBR
2018-11-20,236.0,249.6,232.4,235.8,7463,1772191.2,TQBR
2018-11-21,237.4,245.0,232.4,237.4,9504,2243214.8,TQBR
2018-11-22,244.0,274.4,235.2,245.0,32352,8114069.4,TQBR
2018-11-23,245.0,246.8,238.2,240.2,6075,1475300.4,TQBR
2018-11-26,238.0,249.6,236.8,242.0,6742,1634385.4,TQBR
2018-11-27,240.0,258.0,239.6,250.6,7072,1752882.0,TQBR
2018-11-28,250.6,259.0,245.0,245.4,9295,2332400.4,TQBR
2018-11-29,249.8,254.8,243.2,246.2,3125,772182.6,TQBR
2018-11-30,252.4,252.4,240.4,240.6,6434,1567567.8,TQBR
2018-12-03,254.8,254.8,230.0,233.6,5930,1413887.6,TQBR
2018-12-04,234.0,238.2,222.4,225.0,3953,903500.6,TQBR
2018-12-05,228.4,233.0,219.2,228.8,5083,1145504.6,TQBR
2018-12-06,230.0,232.0,220.0,232.0,3547,798607.8,TQBR
2018-12-07,229.8,239.6,226.8,237.6,2736,640100.0,TQBR
2018-12-10,241.4,241.8,230.2,235.0,2969,696696.2,TQBR
2018-12-11,239.0,239.0,221.0,226.6,3588,817741.0,TQBR
2018-12-12,229.0,229.0,212.8,215.2,8424,1839338.8,TQBR
2018-12-13,213.4,217.0,212.0,216.0,2440,524935.4,TQBR
2018-12-14,217.0,218.8,206.0,209.0,3729,785067.2,TQBR
2018-12-17,206.2,210.6,188.8,189.2,11943,2325929.0,TQBR
2018-12-18,190.4,195.0,172.0,175.0,22374,3989742.8,TQBR
2018-12-19,176.6,176.6,160.2,162.0,19735,3330175.0,TQBR
2018-12-20,160.0,175.0,152.2,158.0,25252,4097476.0,TQBR
2018-12-21,156.6,176.4,152.6,166.6,23796,3915645.0,TQBR
2018-12-24,170.0,173.4,162.0,164.0,8619,1433940.6,TQBR
2018-12-25,167.0,168.0,152.2,161.0,8560,1347112.2,TQBR
2018-12-26,161.2,215.0,152.2,182.4,55952,10538959.2,TQBR
2018-12-27,185.4,198.8,173.0,181.2,28229,5077198.4,TQBR
2018-12-28,181.6,199.2,181.6,184.4,7215,1352920.8,TQBR
2018-12-29,184.4,185.8,176.2,180.6,3776,680791.4,TQBR
2019-01-03,177.4,182.0,168.0,169.4,9657,1663907.6,TQBR
2019-01-04,170.2,170.2,165.2,168.2,2693,450417.6,TQBR
2019-01-08,170.0,180.0,166.0,172.4,10708,1855765.4,TQBR
2019-01-09,174.0,178.0,170.0,171.0,4804,835259.0,TQBR
2019-01-10,175.6,179.0,168.0,174.2,3216,553361.8,TQBR
2019-01-11,170.6,174.6,170.6,173.4,2904,503327.6,TQBR
2019-01-14,172.4,173.8,171.0,173.6,4040,694132.0,TQBR
2019-01-15,173.0,175.0,170.0,173.8,3934,684035.8,TQBR
2019-01-16,173.8,175.4,170.0,172.8,7122,1226700.6,TQBR
2019-01-17,173.0,175.4,171.0,174.8,4096,712524.4,TQBR
2019-01-18,174.0,209.8,173.6,180.8,40942,7824214.0,TQBR
2019-01-21,179.8,203.2,177.4,188.0,37487,7136440.6,TQBR
2019-01-22,192.4,219.4,187.0,198.8,62897,12790491.0,TQBR
2019-01-23,201.0,213.4,194.0,196.2,22535,4519787.4,TQBR
2019-01-24,194.2,203.0,181.2,183.4,32306,6111923.8,TQBR
2019-01-25,183.6,190.4,175.2,177.2,28418,5127001.6,TQBR
2019-01-28,178.4,180.0,160.0,166.0,36085,6147562.2,TQBR
2019-01-29,169.2,172.8,160.0,160.4,42446,6867565.6,TQBR
2019-01-30,162.2,163.8,155.0,155.0,30647,4846392.8,TQBR
2019-01-31,155.8,158.0,150.4,154.8,33701,5211659.2,TQBR
2019-02-01,152.2,155.1,148.8,150.4,31228,4713596.2,TQBR
2019-02-04,152.5,155.0,143.5,145.0,61676,9009412.9,TQBR
2019-02-05,148.0,149.6,138.0,138.4,55058,7759916.4,TQBR
2019-02-06,135.8,142.0,133.6,135.2,44259,6070207.4,TQBR
2019-02-07,133.2,138.0,124.2,128.0,59959,7756500.6,TQBR
2019-02-08,128.8,130.6,119.4,120.7,46748,5742199.8,TQBR
2019-02-11,121.9,123.9,106.2,108.6,91086,10283410.3,TQBR
2019-02-12,106.3,114.0,100.8,104.0,217977,22918169.9,TQBR
2019-02-13,105.0,114.2,98.1,100.0,348929,36541399.4,TQBR
2019-02-14,100.1,102.8,91.0,91.0,171794,16503588.5,TQBR
2019-02-15,91.9,92.4,78.1,80.7,235180,19304763.8,TQBR
2019-02-18,80.8,82.8,71.9,74.7,304183,23089771.4,TQBR
2019-02-19,75.6,94.3,73.3,81.2,402421,32865521.7,TQBR
2019-02-20,83.6,87.5,74.2,75.0,328744,25317770.5,TQBR
2019-02-21,75.5,76.0,66.7,68.9,298012,21118686.5,TQBR
2019-02-22,69.2,71.9,62.2,66.7,323384,21069943.7,TQBR
2019-02-25,67.5,69.0,62.6,64.7,170543,11193412.7,TQBR
2019-02-26,66.8,66.8,61.7,62.4,99450,6370796.3,TQBR
2019-02-27,62.4,64.1,57.8,59.0,152596,9157763.2,TQBR
2019-02-28,59.5,64.9,57.1,57.6,199040,11952338.3,TQBR
2019-03-01,57.1,58.8,53.4,53.6,168398,9216889.0,TQBR
2019-03-04,53.4,66.8,51.7,64.4,373809,21882596.2,TQBR
2019-03-05,66.0,90.1,61.8,90.1,2083428,169125563.8,TQBR
2019-03-06,92.3,121.0,81.4,83.3,2871596,297200298.0,TQBR
2019-03-07,84.2,93.0,68.8,83.8,1522975,118490412.7,TQBR
2019-03-11,84.0,91.0,78.6,81.1,558776,47078310.8,TQBR
2019-03-12,82.3,82.4,75.5,76.2,352875,27458511.6,TQBR
2019-03-13,76.4,78.6,72.4,74.0,316433,23741317.5,TQBR
2019-03-14,73.3,75.7,72.1,72.7,103735,7587563.5,TQBR
2019-03-15,73.0,73.2,67.3,68.1,246871,17038452.6,TQBR
2019-03-18,68.4,77.0,66.1,73.6,419413,30968698.0,TQBR
2019-03-19,75.4,76.8,71.2,71.8,183222,13640391.3,TQBR
2019-03-20,71.6,73.0,68.5,69.1,189547,13330124.4,TQBR
2019-03-21,69.0,71.6,67.1,68.4,115105,7949414.0,TQBR
2019-03-22,68.4,68.9,65.3,65.6,121657,8095957.6,TQBR
2019-03-25,66.1,75.7,66.0,73.3,571008,41050116.3,TQBR
2019-03-26,73.5,76.2,69.7,71.7,408769,29548502.9,TQBR
2019-03-27,71.6,73.5,70.5,71.4,100799,7232074.6,TQBR
2019-03-28,71.4,72.2,68.6,70.2,94571,6599335.1,TQBR
2019-03-29,70.7,72.9,69.7,71.1,89409,6390177.0,TQBR
2019-04-01,71.9,73.0,70.6,71.3,90620,6508128.0,TQBR
2019-04-02,69.0,70.0,62.0,68.6,110529,7574982.3,TQBR
2019-04-03,69.8,69.8,67.0,68.7,33622,2289006.5,TQBR
2019-04-04,68.6,70.8,67.3,68.4,76578,5296821.3,TQBR
2019-04-05,68.3,68.8,67.2,67.9,58583,3974884.1,TQBR
2019-04-08,67.7,68.5,66.0,66.7,99372,6660731.5,TQBR
2019-04-09,67.0,67.4,63.3,64.1,99926,6476180.5,TQBR
2019-04-10,64.1,65.3,62.1,63.3,76200,4824927.2,TQBR
2019-04-11,62.4,70.0,62.0,68.4,349597,23218104.1,TQBR
2019-04-12,68.5,69.4,64.0,64.4,101098,6644539.6,TQBR
2019-04-15,65.1,66.7,64.4,64.9,90020,5879356.5,TQBR
2019-04-16,65.4,65.4,62.6,63.9,92355,5919372.0,TQBR
2019-04-17,63.7,64.0,62.2,62.7,101535,6377204.7,TQBR
2019-04-18,63.0,63.9,62.4,62.9,51230,3223393.9,TQBR
2019-04-19,63.3,66.7,62.5,63.4,96367,6173038.9,TQBR
2019-04-22,63.6,65.2,63.0,63.6,61759,3944029.4,TQBR
2019-04-23,64.3,64.3,62.7,63.2,50714,3216236.3,TQBR
2019-04-24,63.4,63.5,62.1,62.9,56358,3526692.3,TQBR
2019-04-25,62.6,63.0,61.4,61.8,36213,2241451.6,TQBR
2019-04-26,62.0,62.8,60.2,61.3,53206,3269255.3,TQBR
2019-04-29,61.3,64.0,60.8,61.4,68959,4285775.0,TQBR
2019-04-30,62.5,62.7,60.1,60.4,116310,7041295.2,TQBR
2019-05-02,60.8,62.6,60.5,61.6,115464,7099564.0,TQBR
2019-05-03,61.6,62.0,61.3,61.6,32076,1980047.4,TQBR
2019-05-06,62.4,62.4,61.0,61.4,43234,2653789.5,TQBR
2019-05-07,61.3,61.8,60.3,60.4,90334,5502579.0,TQBR
2019-05-08,60.4,60.5,59.0,59.7,60849,3654613.0,TQBR
2019-05-10,59.4,60.3,59.2,59.6,27805,1660642.9,TQBR
2019-05-13,59.4,59.8,57.7,57.9,52023,3046373.0,TQBR
2019-05-14,59.3,59.3,54.9,54.9,74068,4187217.4,TQBR
2019-05-15,55.0,65.0,54.5,59.5,313160,18514059.4,TQBR
2019-05-16,58.4,61.9,58.0,58.4,90183,5321435.0,TQBR
2019-05-17,59.7,59.7,57.4,58.0,31179,1806611.9,TQBR
2019-05-20,58.0,60.8,57.8,58.6,78358,4601985.8,TQBR
2019-05-21,58.7,59.5,57.0,57.7,56023,3258807.0,TQBR
2019-05-22,57.8,58.1,55.9,57.6,102785,5834946.1,TQBR
2019-05-23,57.5,58.1,56.4,57.0,52423,2993911.4,TQBR
2019-05-24,57.4,58.3,55.5,57.1,103659,5877318.5,TQBR
2019-05-27,57.4,57.8,56.7,57.4,20904,1196806.9,TQBR
2019-05-28,56.2,57.7,55.6,56.7,48521,2746834.9,TQBR
2019-05-29,56.7,60.6,56.3,59.7,94313,5511643.2,TQBR
2019-05-30,60.8,61.7,57.0,57.4,73024,4298134.6,TQBR
2019-05-31,58.0,59.3,57.1,57.8,55709,3228545.4,TQBR
2019-06-03,57.9,58.5,55.6,56.6,56913,3236884.2,TQBR
2019-06-04,56.7,58.7,55.7,57.5,76552,4359875.7,TQBR
2019-06-05,57.6,58.9,57.1,58.0,33663,1948823.0,TQBR
2019-06-06,58.0,78.0,57.4,72.2,1019104,72765408.3,TQBR
2019-06-07,75.0,76.3,65.5,67.3,793651,54452987.4,TQBR
2019-06-10,67.2,69.0,65.0,65.8,257766,17032646.2,TQBR
2019-06-11,65.8,67.8,63.5,66.4,121207,7881448.7,TQBR
2019-06-13,65.4,71.0,65.4,69.3,173339,11899997.2,TQBR
2019-06-14,68.5,70.6,65.0,66.0,331569,22052851.7,TQBR
2019-06-17,66.0,67.3,65.0,66.9,31089,2064823.8,TQBR
2019-06-18,66.6,67.4,64.5,65.4,147156,9605733.8,TQBR
2019-06-19,65.3,68.3,64.6,65.4,288515,18898071.5,TQBR
2019-06-20,65.5,68.1,64.7,67.0,149363,9960496.0,TQBR
2019-06-21,67.3,70.1,65.8,66.4,200821,13620527.5,TQBR
2019-06-24,67.5,69.5,65.8,66.0,117045,7791926.0,TQBR
2019-06-25,66.3,67.0,65.3,65.6,196389,12970054.5,TQBR
2019-06-26,65.5,66.6,64.6,65.2,139984,9168713.1,TQBR
2019-06-27,65.0,65.7,64.0,64.9,46451,3019076.8,TQBR
2019-06-28,65.4,67.4,64.6,67.0,108473,7151700.6,TQBR
2019-07-01,68.0,75.8,66.3,73.8,796875,57508248.6,TQBR
2019-07-02,74.2,76.5,70.2,74.0,284502,20868044.6,TQBR
2019-07-03,74.1,75.6,72.2,72.5,184930,13649625.6,TQBR
2019-07-04,72.2,73.5,71.1,71.9,58704,4227144.1,TQBR
2019-07-05,71.6,74.0,71.6,73.8,32418,2367061.8,TQBR
2019-07-08,73.9,75.0,72.9,73.8,41670,3079939.7,TQBR
2019-07-09,74.8,74.8,71.9,72.9,34907,2547748.5,TQBR
2019-07-10,72.6,77.6,72.0,74.6,312499,23309260.5,TQBR
2019-07-11,74.4,76.6,73.3,74.5,306641,22971695.6,TQBR
2019-07-12,75.7,75.9,74.2,74.9,132988,9968536.1,TQBR
2019-07-15,75.8,77.0,75.1,75.5,121264,9173774.9,TQBR
2019-07-16,76.0,76.8,75.1,75.4,97575,7380356.8,TQBR
2019-07-17,75.8,75.8,74.4,75.3,51471,3868916.2,TQBR
2019-07-18,75.8,76.4,74.7,76.1,93662,7100463.1,TQBR
2019-07-19,75.9,88.4,75.9,82.2,348180,27612223.8,TQBR
2019-07-22,81.7,83.4,79.1,80.1,101712,8204016.3,TQBR
2019-07-23,80.2,90.9,78.5,86.5,385732,33029653.8,TQBR
2019-07-24,88.3,91.8,86.0,88.5,302803,26848638.8,TQBR
2019-07-25,88.5,89.8,53.2,81.4,289744,23906447.1,TQBR
2019-07-26,81.8,87.4,78.5,85.9,311914,25943837.6,TQBR
2019-07-29,82.7,87.7,76.0,78.0,312606,25227905.7,TQBR
2019-07-30,77.9,78.5,77.2,78.0,707374,55090708.7,TQBR
2019-07-31,77.7,79.0,77.6,78.2,137690,10770184.5,TQBR
2019-08-01,78.3,78.7,78.3,78.5,218741,17138011.2,TQBR
2019-08-02,78.3,78.9,78.3,78.7,212665,16678756.1,TQBR
2019-08-05,78.7,78.9,78.3,78.9,69140,5448451.5,TQBR
2019-08-06,78.8,79.0,78.6,78.9,76664,6042172.9,TQBR
2019-08-07,78.8,79.0,78.8,78.8,28816,2271185.4,TQBR
2019-08-08,78.8,79.8,78.8,78.9,34713,2737731.2,TQBR
2019-08-09,78.8,79.2,78.8,78.8,23987,1890348.8,TQBR
2019-08-12,79.1,79.1,78.2,78.8,29288,2306764.6,TQBR
2019-08-13,78.7,79.2,78.5,78.8,34582,2727912.9,TQBR
2019-08-14,78.9,79.1,78.8,78.9,44343,3496814.1,TQBR
2019-08-15,78.6,79.0,78.6,78.8,55048,4338534.7,TQBR
2019-08-16,78.8,79.0,78.2,78.2,46063,3629788.7,TQBR
2019-08-19,78.6,79.1,78.5,78.8,28997,2287625.8,TQBR
2019-08-20,78.6,79.0,78.5,78.8,21098,1665847.6,TQBR
2019-08-21,78.6,79.1,78.3,79.0,15032,1186031.9,TQBR
2019-08-22,78.8,79.1,78.6,79.0,19707,1556849.3,TQBR
2019-08-23,79.0,79.4,78.9,79.3,8271,654310.3,TQBR
2019-08-26,78.3,79.4,78.3,79.2,20885,1655671.4,TQBR
2019-08-27,79.2,79.4,79.2,79.2,11085,877998.4,TQBR
2019-08-28,79.4,79.4,79.2,79.3,23209,1840228.5,TQBR
2019-08-29,79.4,79.5,79.1,79.3,6967,552469.4,TQBR
2019-08-30,79.4,79.6,79.2,79.5,9775,776552.7,TQBR
2019-09-02,79.3,79.6,79.3,79.3,7177,570145.5,TQBR
2019-09-03,79.5,79.5,79.3,79.5,8764,696015.9,TQBR
2019-09-04,79.6,79.6,79.3,79.5,16275,1290904.2,TQBR
2019-09-05,79.1,79.6,79.1,79.4,9341,741710.8,TQBR
2019-09-06,79.7,79.7,79.3,79.5,3451,274047.6,TQBR
2019-09-09,79.4,79.6,79.3,79.4,7659,607697.1,TQBR
2019-09-10,79.4,79.7,79.3,79.3,33660,2672608.1,TQBR
2019-09-11,79.5,79.7,79.3,79.4,7695,610477.8,TQBR
2019-09-12,79.6,79.7,79.4,79.5,8862,704276.5,TQBR
2019-09-13,79.7,79.7,78.3,79.4,7689,611638.3,TQBR
2019-09-16,79.4,79.7,79.3,79.3,8656,687731.4,TQBR
2019-09-17,79.7,79.8,79.3,79.6,22481,1787915.1,TQBR
2019-09-18,79.7,79.9,79.3,79.5,32255,2566632.4,TQBR
2019-09-19,79.8,79.8,79.5,79.7,8589,684012.4,TQBR
2019-09-20,78.9,79.8,78.9,79.6,6754,537162.9,TQBR
2019-09-23,79.4,79.8,79.3,79.7,7207,573155.4,TQBR
2019-09-24,79.8,80.6,79.3,80.0,220398,17624270.8,TQBR
2019-09-25,80.4,80.5,79.5,80.2,22679,1807597.8,TQBR
2019-09-26,80.4,80.5,79.6,80.0,13050,1043433.9,TQBR
2019-09-27,80.5,87.5,80.1,80.5,118314,9685947.0,TQBR
2019-09-30,81.9,81.9,80.0,80.7,60340,4845328.9,TQBR
2019-10-01,81.5,81.5,80.1,80.6,21883,1759539.3,TQBR
2019-10-02,81.2,81.6,79.0,80.5,27781,2239480.2,TQBR
2019-10-03,81.4,81.6,80.0,81.6,12501,1011150.7,TQBR
2019-10-04,81.7,82.3,80.6,81.9,8755,714891.5,TQBR
2019-10-07,82.9,99.8,79.5,80.1,559787,51478255.8,TQBR
2019-10-08,82.2,85.8,80.0,82.0,216623,17899725.0,TQBR
2019-10-09,82.5,83.7,79.6,81.5,29490,2390189.2,TQBR
2019-10-10,82.0,91.8,80.7,87.3,100229,8704276.8,TQBR
2019-10-11,87.7,91.3,81.3,83.4,91612,7915522.8,TQBR
2019-10-14,84.5,85.0,82.7,83.3,11056,925405.4,TQBR
2019-10-15,83.3,84.6,82.3,82.6,18892,1569877.8,TQBR
2019-10-16,82.9,84.8,82.6,83.6,8958,749235.1,TQBR
2019-10-17,83.5,84.8,82.6,83.7,8775,731341.0,TQBR
2019-10-18,83.7,89.4,82.0,86.8,89023,7694503.0,TQBR
2019-10-21,86.8,93.9,86.0,89.6,335620,30078085.9,TQBR
2019-10-22,92.4,93.8,88.0,89.0,50193,4552227.2,TQBR
2019-10-23,89.0,91.0,87.3,89.5,16231,1439224.1,TQBR
2019-10-24,90.0,90.8,88.4,89.4,11669,1046061.6,TQBR
2019-10-25,89.0,91.0,88.0,89.4,9066,813818.3,TQBR
2019-10-28,89.4,91.2,88.5,89.2,8377,750255.8,TQBR
2019-10-29,89.1,90.0,87.0,89.0,8133,725353.9,TQBR
2019-10-30,89.2,91.0,89.1,90.0,6744,607555.6,TQBR
2019-10-31,90.6,91.1,89.0,89.9,7164,642408.4,TQBR
2019-11-01,91.8,91.8,89.0,90.2,5712,515000.2,TQBR
2019-11-05,90.2,90.8,87.2,89.4,18413,1636287.7,TQBR
2019-11-06,90.2,90.5,84.9,85.6,41750,3605152.0,TQBR
2019-11-07,85.8,85.8,82.7,83.8,45230,3789601.8,TQBR
2019-11-08,83.7,95.2,83.7,90.2,152382,13733836.7,TQBR
2019-11-11,90.8,93.8,87.7,89.0,39373,3546938.1,TQBR
2019-11-12,89.0,91.5,86.7,88.6,31617,2804388.3,TQBR
2019-11-13,88.4,89.9,87.7,88.5,9304,824729.5,TQBR
2019-11-14,89.2,89.9,87.9,88.5,11002,978048.2,TQBR
2019-11-15,88.6,88.6,84.2,84.7,18595,1597459.9,TQBR
2019-11-18,86.0,88.7,85.0,86.4,16784,1461123.1,TQBR
2019-11-19,86.9,87.0,85.2,86.4,5313,458076.7,TQBR
2019-11-20,86.5,87.0,83.6,85.1,26726,2256623.0,TQBR
2019-11-21,85.9,85.9,81.7,84.4,29320,2438283.3,TQBR
2019-11-22,84.4,84.4,80.7,81.4,87271,7108997.2,TQBR
2019-11-25,84.0,84.0,79.6,81.0,43720,3522040.0,TQBR
2019-11-26,81.0,81.6,79.1,80.4,11851,951807.7,TQBR
2019-11-27,79.9,81.3,79.3,79.8,16377,1314568.3,TQBR
2019-11-28,79.8,82.6,79.8,80.6,21230,1719065.3,TQBR
2019-11-29,79.9,81.2,79.4,79.6,12348,989144.0,TQBR
2019-12-02,79.9,81.0,78.9,79.6,13995,1121771.0,TQBR
2019-12-03,79.5,80.5,78.5,78.8,23743,1886586.3,TQBR
2019-12-04,78.5,79.9,77.5,78.4,20960,1649087.8,TQBR
2019-12-05,78.9,82.0,78.9,80.9,34431,2755495.8,TQBR
2019-12-06,81.0,81.9,79.5,79.8,14826,1191950.9,TQBR
2019-12-09,79.7,79.9,78.5,79.3,28708,2267449.7,TQBR
2019-12-10,79.6,79.6,78.8,78.9,74017,5834845.9,TQBR
2019-12-11,78.7,79.0,78.6,78.8,58002,4572465.1,TQBR
2019-12-12,78.8,80.2,78.8,79.0,20581,1630035.0,TQBR
2019-12-13,79.9,79.9,79.0,79.2,17721,1401764.8,TQBR
2019-12-16,79.5,80.0,79.0,79.3,24623,1950455.5,TQBR
2019-12-17,79.1,79.6,79.1,79.2,68291,5404603.3,TQBR
2019-12-18,79.7,79.7,79.2,79.4,49075,3890539.7,TQBR
2019-12-19,79.3,79.7,79.1,79.6,10513,835183.6,TQBR
2019-12-20,79.7,79.7,79.3,79.6,11304,898244.8,TQBR
2019-12-23,79.5,79.7,79.4,79.7,11703,930522.6,TQBR
2019-12-24,79.5,81.5,79.5,79.6,19347,1544532.8,TQBR
2019-12-25,79.8,80.1,79.6,79.7,9483,755929.9,TQBR
2019-12-26,79.9,79.9,79.0,79.6,10121,804341.7,TQBR
2019-12-27,79.6,79.8,79.5,79.7,6462,514626.6,TQBR
2019-12-30,79.8,80.5,79.3,79.6,18928,1507317.4,TQBR
2020-01-03,79.8,80.8,79.6,80.0,59204,4743817.9,TQBR
2020-01-06,80.1,80.4,79.6,79.9,4107,328026.7,TQBR
2020-01-08,80.0,80.0,79.7,79.8,27180,2166715.9,TQBR
2020-01-09,80.0,80.1,79.7,79.8,7160,571624.1,TQBR
2020-01-10,79.8,80.1,79.8,79.9,19215,1535670.8,TQBR
2020-01-13,80.1,80.3,79.8,79.9,11793,941912.3,TQBR
2020-01-14,80.2,80.2,79.9,80.1,11104,888179.0,TQBR
2020-01-15,80.0,80.1,79.9,80.0,29805,2383854.7,TQBR
